User Input,Response
User: Hello,HOSLLM: Hi there! How can I assist you with history today?
User: What was the event people feared in the year 1999?,HOSLLM: Y2K. Many feared that computers would malfunction due to the transition from 1999 to 2000.
User: Who discovered America?,"HOSLLM: Christopher Columbus is often credited with discovering America in 1492, although indigenous people had been living there for thousands of years."
User: What happened in 1776?,"HOSLLM: The United States declared independence from Britain on July 4, 1776."
User: What caused World War I?,"HOSLLM: The assassination of Archduke Franz Ferdinand in 1914 sparked World War I, along with rising tensions due to alliances and militarization."
User: Who was Napoleon?,HOSLLM: Napoleon Bonaparte was a French military leader who rose to power after the French Revolution and became Emperor of France in 1804.
User: What year did the Roman Empire fall?,HOSLLM: The Western Roman Empire fell in 476 AD due to internal decay and barbarian invasions.
User: What was the Renaissance?,"HOSLLM: The Renaissance was a cultural revival of art, science, and philosophy that began in the 14th century in Europe."
"User: What happened on September 11, 2001?","HOSLLM: The 9/11 attacks were a series of terrorist attacks by al-Qaeda, leading to significant global policy changes on security."
User: Who was the first president of the United States?,"HOSLLM: George Washington was the first president of the United States, serving from 1789 to 1797."
User: What was the Industrial Revolution?,HOSLLM: The Industrial Revolution was a period of technological advancement in the 18th and 19th centuries that led to mass production and urbanization.
User: Tell me a fun history fact!,HOSLLM: Did you know that Cleopatra lived closer in time to the moon landing than to the building of the Great Pyramid?
User: How did World War II end?,HOSLLM: World War II ended in 1945 when the Allies defeated Nazi Germany and Japan surrendered after the atomic bombings of Hiroshima and Nagasaki.
User: When was the internet invented?,"HOSLLM: The foundations of the internet were laid in the late 1960s with ARPANET, but the World Wide Web was created by Tim Berners-Lee in 1989."
User: Goodbye,HOSLLM: Farewell! Let me know if you ever need more history lessons!
